{"cameraMode":{"drawMode":0,"name":"Shaded","section":"Shading Mode"},"sceneLighting":false,"audioPlay":false,"sceneViewState":{"m_AlwaysRefresh":false,"showFog":false,"showSkybox":false,"showFlares":false,"showImageEffects":false,"showParticleSystems":false,"showVisualEffectGraphs":true,"m_FxEnabled":true},"in2DMode":false,"pivot":{"x":0.0002560615539550781,"y":0.8275867700576782,"z":0.05460640788078308},"rotation":{"x":-0.06282691657543183,"y":0.9371594786643982,"z":-0.23950780928134919,"w":-0.24587224423885346},"size":1.3364219665527344,"orthographic":false}