{"cameraMode":{"drawMode":0,"name":"Shaded","section":"Shading Mode"},"sceneLighting":true,"audioPlay":false,"sceneViewState":{"m_AlwaysRefresh":false,"showFog":true,"showSkybox":true,"showFlares":true,"showImageEffects":true,"showParticleSystems":true,"showVisualEffectGraphs":true,"m_FxEnabled":true},"in2DMode":false,"pivot":{"x":3.1224451065063478,"y":-4.730772495269775,"z":23.795669555664064},"rotation":{"x":-0.17733292281627656,"y":-0.16627420485019685,"z":0.030400287359952928,"w":-0.9695549011230469},"size":9.438492774963379,"orthographic":false}