{"cameraMode":{"drawMode":0,"name":"Shaded","section":"Shading Mode"},"sceneLighting":true,"audioPlay":false,"sceneViewState":{"m_AlwaysRefresh":false,"showFog":true,"showSkybox":true,"showFlares":true,"showImageEffects":true,"showParticleSystems":true,"showVisualEffectGraphs":true,"m_FxEnabled":true},"in2DMode":false,"pivot":{"x":13.539368629455567,"y":-4.076502799987793,"z":14.948715209960938},"rotation":{"x":0.31596237421035769,"y":0.2135845571756363,"z":-0.07326115667819977,"w":0.9215752482414246},"size":7.013144493103027,"orthographic":false}