{"cameraMode":{"drawMode":0,"name":"Shaded","section":"Shading Mode"},"sceneLighting":true,"audioPlay":false,"sceneViewState":{"m_AlwaysRefresh":false,"showFog":true,"showSkybox":true,"showFlares":true,"showImageEffects":true,"showParticleSystems":true,"showVisualEffectGraphs":true,"m_FxEnabled":true},"in2DMode":false,"pivot":{"x":3.272468328475952,"y":1.9489502906799317,"z":3.1798946857452394},"rotation":{"x":-0.18989939987659455,"y":0.02059044875204563,"z":-0.0039946213364601139,"w":-0.9815922379493713},"size":1.3604100942611695,"orthographic":false}