{"cameraMode":{"drawMode":0,"name":"Shaded","section":"Shading Mode"},"sceneLighting":true,"audioPlay":false,"sceneViewState":{"m_AlwaysRefresh":false,"showFog":true,"showSkybox":true,"showFlares":true,"showImageEffects":true,"showParticleSystems":true,"showVisualEffectGraphs":true,"m_FxEnabled":true},"in2DMode":false,"pivot":{"x":46.41354751586914,"y":-1.7772799730300904,"z":59.29629898071289},"rotation":{"x":-0.014833197928965092,"y":0.9851646423339844,"z":-0.11850068718194962,"w":-0.12336476892232895},"size":9.828937530517579,"orthographic":false}