{"cameraMode":{"drawMode":0,"name":"Shaded","section":"Shading Mode"},"sceneLighting":false,"audioPlay":false,"sceneViewState":{"m_AlwaysRefresh":false,"showFog":false,"showSkybox":false,"showFlares":false,"showImageEffects":false,"showParticleSystems":false,"showVisualEffectGraphs":true,"m_FxEnabled":true},"in2DMode":false,"pivot":{"x":0.5450141429901123,"y":0.528564989566803,"z":-0.8517321348190308},"rotation":{"x":-0.0026403828524053098,"y":-0.9974358677864075,"z":0.045509833842515948,"w":-0.056261103600263599},"size":1.123968243598938,"orthographic":false}