{"cameraMode":{"drawMode":0,"name":"Shaded","section":"Shading Mode"},"sceneLighting":false,"audioPlay":false,"sceneViewState":{"m_AlwaysRefresh":false,"showFog":true,"showSkybox":false,"showFlares":true,"showImageEffects":true,"showParticleSystems":true,"showVisualEffectGraphs":true,"m_FxEnabled":true},"in2DMode":false,"pivot":{"x":1.4901161193847657e-8,"y":1.5969665050506592,"z":-0.7660573720932007},"rotation":{"x":0.11120353639125824,"y":0.44605863094329836,"z":-0.055938415229320529,"w":0.8863404989242554},"size":0.23532013595104218,"orthographic":false}